adryzz: adryzz.github.io
appls: appls2appls.github.io
ayush: iddev5.github.io
dendydharmawan: dendydharmawan.vercel.app
eagleanurag: eagleanurag.github.io
fivenine: fivenine01.github.io
focus: ffork.github.io
frans: thedev.netlify.app
goose: scalgoon.github.io
harshdev: harshhhdev.github.io
kai: kaidevs.github.io
kevin: thedev.netlify.app
trungbot: trungdo2309.github.io
wiktor: wiktorwojcik112.github.io
zh: zh.github.io
